budget,livingArea,personCount,pvModel_maxPVCount,pvModel_pvPrice,pvModel_modulePVkWp,pvModel_roofAngle,pvModel_roofLength,pvModel_roofWidth,pvModel_pvModuleLength,pvModel_pvModuleWidth,batteryModel_maxBatteryCount,batteryModel_batteryPrice,batteryModel_batteryCapacity,batteryModel_batteryChargeRate,batteryModel_batteryDischargeRate,batteryModel_batteryEfficiency,batteryModel_batteryDegradation,heatPumpModel_heatPumpActivated,EVModel_hasEV,EVModel_kmPerYear,EVModel_kWhPerKm,EVModel_maxChargeRateIn15,EVModel_startCharge,EVModel_endCharge,strategy,pvCount,batteryCount
50000.0,130.0,3,100,900.0,0.88,30.0,12.5,8.0,1.6,2.5,5,2500.0,2.5,0.5,0.5,0.98,7e-05,True,False,12320,0.189,2.7,00:00,08:00,0,0,0
50000.0,130.0,3,100,900.0,0.88,30.0,12.5,8.0,1.6,2.5,5,2500.0,2.5,0.5,0.5,0.98,7e-05,True,False,12320,0.189,2.7,00:00,08:00,1,0,0
50000.0,130.0,3,100,900.0,0.88,30.0,12.5,8.0,1.6,2.5,5,2500.0,2.5,0.5,0.5,0.98,7e-05,True,False,12320,0.189,2.7,00:00,08:00,0,1,0
50000.0,130.0,3,100,900.0,0.88,30.0,12.5,8.0,1.6,2.5,5,2500.0,2.5,0.5,0.5,0.98,7e-05,True,False,12320,0.189,2.7,00:00,08:00,1,1,0
50000.0,130.0,3,100,900.0,0.88,30.0,12.5,8.0,1.6,2.5,5,2500.0,2.5,0.5,0.5,0.98,7e-05,True,False,12320,0.189,2.7,00:00,08:00,0,2,0
50000.0,130.0,3,100,900.0,0.88,30.0,12.5,8.0,1.6,2.5,5,2500.0,2.5,0.5,0.5,0.98,7e-05,True,False,12320,0.189,2.7,00:00,08:00,1,2,0
50000.0,130.0,3,100,900.0,0.88,30.0,12.5,8.0,1.6,2.5,5,2500.0,2.5,0.5,0.5,0.98,7e-05,True,False,12320,0.189,2.7,00:00,08:00,0,3,0
50000.0,130.0,3,100,900.0,0.88,30.0,12.5,8.0,1.6,2.5,5,2500.0,2.5,0.5,0.5,0.98,7e-05,True,False,12320,0.189,2.7,00:00,08:00,1,3,0
50000.0,130.0,3,100,900.0,0.88,30.0,12.5,8.0,1.6,2.5,5,2500.0,2.5,0.5,0.5,0.98,7e-05,True,False,12320,0.189,2.7,00:00,08:00,0,4,0
50000.0,130.0,3,100,900.0,0.88,30.0,12.5,8.0,1.6,2.5,5,2500.0,2.5,0.5,0.5,0.98,7e-05,True,False,12320,0.189,2.7,00:00,08:00,1,4,0
50000.0,130.0,3,100,900.0,0.88,30.0,12.5,8.0,1.6,2.5,5,2500.0,2.5,0.5,0.5,0.98,7e-05,True,False,12320,0.189,2.7,00:00,08:00,0,5,0
50000.0,130.0,3,100,900.0,0.88,30.0,12.5,8.0,1.6,2.5,5,2500.0,2.5,0.5,0.5,0.98,7e-05,True,False,12320,0.189,2.7,00:00,08:00,1,5,0
50000.0,130.0,3,100,900.0,0.88,30.0,12.5,8.0,1.6,2.5,5,2500.0,2.5,0.5,0.5,0.98,7e-05,True,False,12320,0.189,2.7,00:00,08:00,0,6,0
50000.0,130.0,3,100,900.0,0.88,30.0,12.5,8.0,1.6,2.5,5,2500.0,2.5,0.5,0.5,0.98,7e-05,True,False,12320,0.189,2.7,00:00,08:00,1,6,0
50000.0,130.0,3,100,900.0,0.88,30.0,12.5,8.0,1.6,2.5,5,2500.0,2.5,0.5,0.5,0.98,7e-05,True,False,12320,0.189,2.7,00:00,08:00,0,7,0
50000.0,130.0,3,100,900.0,0.88,30.0,12.5,8.0,1.6,2.5,5,2500.0,2.5,0.5,0.5,0.98,7e-05,True,False,12320,0.189,2.7,00:00,08:00,1,7,0
50000.0,130.0,3,100,900.0,0.88,30.0,12.5,8.0,1.6,2.5,5,2500.0,2.5,0.5,0.5,0.98,7e-05,True,False,12320,0.189,2.7,00:00,08:00,0,8,0
50000.0,130.0,3,100,900.0,0.88,30.0,12.5,8.0,1.6,2.5,5,2500.0,2.5,0.5,0.5,0.98,7e-05,True,False,12320,0.189,2.7,00:00,08:00,1,8,0
50000.0,130.0,3,100,900.0,0.88,30.0,12.5,8.0,1.6,2.5,5,2500.0,2.5,0.5,0.5,0.98,7e-05,True,False,12320,0.189,2.7,00:00,08:00,0,9,0
50000.0,130.0,3,100,900.0,0.88,30.0,12.5,8.0,1.6,2.5,5,2500.0,2.5,0.5,0.5,0.98,7e-05,True,False,12320,0.189,2.7,00:00,08:00,1,9,0
50000.0,130.0,3,100,900.0,0.88,30.0,12.5,8.0,1.6,2.5,5,2500.0,2.5,0.5,0.5,0.98,7e-05,True,False,12320,0.189,2.7,00:00,08:00,0,10,0
50000.0,130.0,3,100,900.0,0.88,30.0,12.5,8.0,1.6,2.5,5,2500.0,2.5,0.5,0.5,0.98,7e-05,True,False,12320,0.189,2.7,00:00,08:00,1,10,0
50000.0,130.0,3,100,900.0,0.88,30.0,12.5,8.0,1.6,2.5,5,2500.0,2.5,0.5,0.5,0.98,7e-05,True,False,12320,0.189,2.7,00:00,08:00,0,11,0
50000.0,130.0,3,100,900.0,0.88,30.0,12.5,8.0,1.6,2.5,5,2500.0,2.5,0.5,0.5,0.98,7e-05,True,False,12320,0.189,2.7,00:00,08:00,1,11,0
50000.0,130.0,3,100,900.0,0.88,30.0,12.5,8.0,1.6,2.5,5,2500.0,2.5,0.5,0.5,0.98,7e-05,True,False,12320,0.189,2.7,00:00,08:00,0,12,0
50000.0,130.0,3,100,900.0,0.88,30.0,12.5,8.0,1.6,2.5,5,2500.0,2.5,0.5,0.5,0.98,7e-05,True,False,12320,0.189,2.7,00:00,08:00,1,12,0
50000.0,130.0,3,100,900.0,0.88,30.0,12.5,8.0,1.6,2.5,5,2500.0,2.5,0.5,0.5,0.98,7e-05,True,False,12320,0.189,2.7,00:00,08:00,0,13,0
50000.0,130.0,3,100,900.0,0.88,30.0,12.5,8.0,1.6,2.5,5,2500.0,2.5,0.5,0.5,0.98,7e-05,True,False,12320,0.189,2.7,00:00,08:00,1,13,0
50000.0,130.0,3,100,900.0,0.88,30.0,12.5,8.0,1.6,2.5,5,2500.0,2.5,0.5,0.5,0.98,7e-05,True,False,12320,0.189,2.7,00:00,08:00,0,14,0
50000.0,130.0,3,100,900.0,0.88,30.0,12.5,8.0,1.6,2.5,5,2500.0,2.5,0.5,0.5,0.98,7e-05,True,False,12320,0.189,2.7,00:00,08:00,1,14,0
50000.0,130.0,3,100,900.0,0.88,30.0,12.5,8.0,1.6,2.5,5,2500.0,2.5,0.5,0.5,0.98,7e-05,True,False,12320,0.189,2.7,00:00,08:00,0,15,0
50000.0,130.0,3,100,900.0,0.88,30.0,12.5,8.0,1.6,2.5,5,2500.0,2.5,0.5,0.5,0.98,7e-05,True,False,12320,0.189,2.7,00:00,08:00,1,15,0
50000.0,130.0,3,100,900.0,0.88,30.0,12.5,8.0,1.6,2.5,5,2500.0,2.5,0.5,0.5,0.98,7e-05,True,False,12320,0.189,2.7,00:00,08:00,0,0,1
50000.0,130.0,3,100,900.0,0.88,30.0,12.5,8.0,1.6,2.5,5,2500.0,2.5,0.5,0.5,0.98,7e-05,True,False,12320,0.189,2.7,00:00,08:00,1,0,1
50000.0,130.0,3,100,900.0,0.88,30.0,12.5,8.0,1.6,2.5,5,2500.0,2.5,0.5,0.5,0.98,7e-05,True,False,12320,0.189,2.7,00:00,08:00,0,1,1
50000.0,130.0,3,100,900.0,0.88,30.0,12.5,8.0,1.6,2.5,5,2500.0,2.5,0.5,0.5,0.98,7e-05,True,False,12320,0.189,2.7,00:00,08:00,1,1,1
50000.0,130.0,3,100,900.0,0.88,30.0,12.5,8.0,1.6,2.5,5,2500.0,2.5,0.5,0.5,0.98,7e-05,True,False,12320,0.189,2.7,00:00,08:00,0,2,1
50000.0,130.0,3,100,900.0,0.88,30.0,12.5,8.0,1.6,2.5,5,2500.0,2.5,0.5,0.5,0.98,7e-05,True,False,12320,0.189,2.7,00:00,08:00,1,2,1
50000.0,130.0,3,100,900.0,0.88,30.0,12.5,8.0,1.6,2.5,5,2500.0,2.5,0.5,0.5,0.98,7e-05,True,False,12320,0.189,2.7,00:00,08:00,0,3,1
50000.0,130.0,3,100,900.0,0.88,30.0,12.5,8.0,1.6,2.5,5,2500.0,2.5,0.5,0.5,0.98,7e-05,True,False,12320,0.189,2.7,00:00,08:00,1,3,1
50000.0,130.0,3,100,900.0,0.88,30.0,12.5,8.0,1.6,2.5,5,2500.0,2.5,0.5,0.5,0.98,7e-05,True,False,12320,0.189,2.7,00:00,08:00,0,4,1
50000.0,130.0,3,100,900.0,0.88,30.0,12.5,8.0,1.6,2.5,5,2500.0,2.5,0.5,0.5,0.98,7e-05,True,False,12320,0.189,2.7,00:00,08:00,1,4,1
50000.0,130.0,3,100,900.0,0.88,30.0,12.5,8.0,1.6,2.5,5,2500.0,2.5,0.5,0.5,0.98,7e-05,True,False,12320,0.189,2.7,00:00,08:00,0,5,1
50000.0,130.0,3,100,900.0,0.88,30.0,12.5,8.0,1.6,2.5,5,2500.0,2.5,0.5,0.5,0.98,7e-05,True,False,12320,0.189,2.7,00:00,08:00,1,5,1
50000.0,130.0,3,100,900.0,0.88,30.0,12.5,8.0,1.6,2.5,5,2500.0,2.5,0.5,0.5,0.98,7e-05,True,False,12320,0.189,2.7,00:00,08:00,0,6,1
50000.0,130.0,3,100,900.0,0.88,30.0,12.5,8.0,1.6,2.5,5,2500.0,2.5,0.5,0.5,0.98,7e-05,True,False,12320,0.189,2.7,00:00,08:00,1,6,1
50000.0,130.0,3,100,900.0,0.88,30.0,12.5,8.0,1.6,2.5,5,2500.0,2.5,0.5,0.5,0.98,7e-05,True,False,12320,0.189,2.7,00:00,08:00,0,7,1
50000.0,130.0,3,100,900.0,0.88,30.0,12.5,8.0,1.6,2.5,5,2500.0,2.5,0.5,0.5,0.98,7e-05,True,False,12320,0.189,2.7,00:00,08:00,1,7,1
50000.0,130.0,3,100,900.0,0.88,30.0,12.5,8.0,1.6,2.5,5,2500.0,2.5,0.5,0.5,0.98,7e-05,True,False,12320,0.189,2.7,00:00,08:00,0,8,1
50000.0,130.0,3,100,900.0,0.88,30.0,12.5,8.0,1.6,2.5,5,2500.0,2.5,0.5,0.5,0.98,7e-05,True,False,12320,0.189,2.7,00:00,08:00,1,8,1
50000.0,130.0,3,100,900.0,0.88,30.0,12.5,8.0,1.6,2.5,5,2500.0,2.5,0.5,0.5,0.98,7e-05,True,False,12320,0.189,2.7,00:00,08:00,0,9,1
50000.0,130.0,3,100,900.0,0.88,30.0,12.5,8.0,1.6,2.5,5,2500.0,2.5,0.5,0.5,0.98,7e-05,True,False,12320,0.189,2.7,00:00,08:00,1,9,1
50000.0,130.0,3,100,900.0,0.88,30.0,12.5,8.0,1.6,2.5,5,2500.0,2.5,0.5,0.5,0.98,7e-05,True,False,12320,0.189,2.7,00:00,08:00,0,10,1
50000.0,130.0,3,100,900.0,0.88,30.0,12.5,8.0,1.6,2.5,5,2500.0,2.5,0.5,0.5,0.98,7e-05,True,False,12320,0.189,2.7,00:00,08:00,1,10,1
50000.0,130.0,3,100,900.0,0.88,30.0,12.5,8.0,1.6,2.5,5,2500.0,2.5,0.5,0.5,0.98,7e-05,True,False,12320,0.189,2.7,00:00,08:00,0,11,1
50000.0,130.0,3,100,900.0,0.88,30.0,12.5,8.0,1.6,2.5,5,2500.0,2.5,0.5,0.5,0.98,7e-05,True,False,12320,0.189,2.7,00:00,08:00,1,11,1
50000.0,130.0,3,100,900.0,0.88,30.0,12.5,8.0,1.6,2.5,5,2500.0,2.5,0.5,0.5,0.98,7e-05,True,False,12320,0.189,2.7,00:00,08:00,0,12,1
50000.0,130.0,3,100,900.0,0.88,30.0,12.5,8.0,1.6,2.5,5,2500.0,2.5,0.5,0.5,0.98,7e-05,True,False,12320,0.189,2.7,00:00,08:00,1,12,1
50000.0,130.0,3,100,900.0,0.88,30.0,12.5,8.0,1.6,2.5,5,2500.0,2.5,0.5,0.5,0.98,7e-05,True,False,12320,0.189,2.7,00:00,08:00,0,13,1
50000.0,130.0,3,100,900.0,0.88,30.0,12.5,8.0,1.6,2.5,5,2500.0,2.5,0.5,0.5,0.98,7e-05,True,False,12320,0.189,2.7,00:00,08:00,1,13,1
50000.0,130.0,3,100,900.0,0.88,30.0,12.5,8.0,1.6,2.5,5,2500.0,2.5,0.5,0.5,0.98,7e-05,True,False,12320,0.189,2.7,00:00,08:00,0,14,1
50000.0,130.0,3,100,900.0,0.88,30.0,12.5,8.0,1.6,2.5,5,2500.0,2.5,0.5,0.5,0.98,7e-05,True,False,12320,0.189,2.7,00:00,08:00,1,14,1
50000.0,130.0,3,100,900.0,0.88,30.0,12.5,8.0,1.6,2.5,5,2500.0,2.5,0.5,0.5,0.98,7e-05,True,False,12320,0.189,2.7,00:00,08:00,0,15,1
50000.0,130.0,3,100,900.0,0.88,30.0,12.5,8.0,1.6,2.5,5,2500.0,2.5,0.5,0.5,0.98,7e-05,True,False,12320,0.189,2.7,00:00,08:00,1,15,1
50000.0,130.0,3,100,900.0,0.88,30.0,12.5,8.0,1.6,2.5,5,2500.0,2.5,0.5,0.5,0.98,7e-05,True,False,12320,0.189,2.7,00:00,08:00,0,0,2
50000.0,130.0,3,100,900.0,0.88,30.0,12.5,8.0,1.6,2.5,5,2500.0,2.5,0.5,0.5,0.98,7e-05,True,False,12320,0.189,2.7,00:00,08:00,1,0,2
50000.0,130.0,3,100,900.0,0.88,30.0,12.5,8.0,1.6,2.5,5,2500.0,2.5,0.5,0.5,0.98,7e-05,True,False,12320,0.189,2.7,00:00,08:00,0,1,2
50000.0,130.0,3,100,900.0,0.88,30.0,12.5,8.0,1.6,2.5,5,2500.0,2.5,0.5,0.5,0.98,7e-05,True,False,12320,0.189,2.7,00:00,08:00,1,1,2
50000.0,130.0,3,100,900.0,0.88,30.0,12.5,8.0,1.6,2.5,5,2500.0,2.5,0.5,0.5,0.98,7e-05,True,False,12320,0.189,2.7,00:00,08:00,0,2,2
50000.0,130.0,3,100,900.0,0.88,30.0,12.5,8.0,1.6,2.5,5,2500.0,2.5,0.5,0.5,0.98,7e-05,True,False,12320,0.189,2.7,00:00,08:00,1,2,2
50000.0,130.0,3,100,900.0,0.88,30.0,12.5,8.0,1.6,2.5,5,2500.0,2.5,0.5,0.5,0.98,7e-05,True,False,12320,0.189,2.7,00:00,08:00,0,3,2
50000.0,130.0,3,100,900.0,0.88,30.0,12.5,8.0,1.6,2.5,5,2500.0,2.5,0.5,0.5,0.98,7e-05,True,False,12320,0.189,2.7,00:00,08:00,1,3,2
50000.0,130.0,3,100,900.0,0.88,30.0,12.5,8.0,1.6,2.5,5,2500.0,2.5,0.5,0.5,0.98,7e-05,True,False,12320,0.189,2.7,00:00,08:00,0,4,2
50000.0,130.0,3,100,900.0,0.88,30.0,12.5,8.0,1.6,2.5,5,2500.0,2.5,0.5,0.5,0.98,7e-05,True,False,12320,0.189,2.7,00:00,08:00,1,4,2
50000.0,130.0,3,100,900.0,0.88,30.0,12.5,8.0,1.6,2.5,5,2500.0,2.5,0.5,0.5,0.98,7e-05,True,False,12320,0.189,2.7,00:00,08:00,0,5,2
50000.0,130.0,3,100,900.0,0.88,30.0,12.5,8.0,1.6,2.5,5,2500.0,2.5,0.5,0.5,0.98,7e-05,True,False,12320,0.189,2.7,00:00,08:00,1,5,2
50000.0,130.0,3,100,900.0,0.88,30.0,12.5,8.0,1.6,2.5,5,2500.0,2.5,0.5,0.5,0.98,7e-05,True,False,12320,0.189,2.7,00:00,08:00,0,6,2
50000.0,130.0,3,100,900.0,0.88,30.0,12.5,8.0,1.6,2.5,5,2500.0,2.5,0.5,0.5,0.98,7e-05,True,False,12320,0.189,2.7,00:00,08:00,1,6,2
50000.0,130.0,3,100,900.0,0.88,30.0,12.5,8.0,1.6,2.5,5,2500.0,2.5,0.5,0.5,0.98,7e-05,True,False,12320,0.189,2.7,00:00,08:00,0,7,2
50000.0,130.0,3,100,900.0,0.88,30.0,12.5,8.0,1.6,2.5,5,2500.0,2.5,0.5,0.5,0.98,7e-05,True,False,12320,0.189,2.7,00:00,08:00,1,7,2
50000.0,130.0,3,100,900.0,0.88,30.0,12.5,8.0,1.6,2.5,5,2500.0,2.5,0.5,0.5,0.98,7e-05,True,False,12320,0.189,2.7,00:00,08:00,0,8,2
50000.0,130.0,3,100,900.0,0.88,30.0,12.5,8.0,1.6,2.5,5,2500.0,2.5,0.5,0.5,0.98,7e-05,True,False,12320,0.189,2.7,00:00,08:00,1,8,2
50000.0,130.0,3,100,900.0,0.88,30.0,12.5,8.0,1.6,2.5,5,2500.0,2.5,0.5,0.5,0.98,7e-05,True,False,12320,0.189,2.7,00:00,08:00,0,9,2
50000.0,130.0,3,100,900.0,0.88,30.0,12.5,8.0,1.6,2.5,5,2500.0,2.5,0.5,0.5,0.98,7e-05,True,False,12320,0.189,2.7,00:00,08:00,1,9,2
50000.0,130.0,3,100,900.0,0.88,30.0,12.5,8.0,1.6,2.5,5,2500.0,2.5,0.5,0.5,0.98,7e-05,True,False,12320,0.189,2.7,00:00,08:00,0,10,2
50000.0,130.0,3,100,900.0,0.88,30.0,12.5,8.0,1.6,2.5,5,2500.0,2.5,0.5,0.5,0.98,7e-05,True,False,12320,0.189,2.7,00:00,08:00,1,10,2
50000.0,130.0,3,100,900.0,0.88,30.0,12.5,8.0,1.6,2.5,5,2500.0,2.5,0.5,0.5,0.98,7e-05,True,False,12320,0.189,2.7,00:00,08:00,0,11,2
50000.0,130.0,3,100,900.0,0.88,30.0,12.5,8.0,1.6,2.5,5,2500.0,2.5,0.5,0.5,0.98,7e-05,True,False,12320,0.189,2.7,00:00,08:00,1,11,2
50000.0,130.0,3,100,900.0,0.88,30.0,12.5,8.0,1.6,2.5,5,2500.0,2.5,0.5,0.5,0.98,7e-05,True,False,12320,0.189,2.7,00:00,08:00,0,12,2
50000.0,130.0,3,100,900.0,0.88,30.0,12.5,8.0,1.6,2.5,5,2500.0,2.5,0.5,0.5,0.98,7e-05,True,False,12320,0.189,2.7,00:00,08:00,1,12,2
50000.0,130.0,3,100,900.0,0.88,30.0,12.5,8.0,1.6,2.5,5,2500.0,2.5,0.5,0.5,0.98,7e-05,True,False,12320,0.189,2.7,00:00,08:00,0,13,2
50000.0,130.0,3,100,900.0,0.88,30.0,12.5,8.0,1.6,2.5,5,2500.0,2.5,0.5,0.5,0.98,7e-05,True,False,12320,0.189,2.7,00:00,08:00,1,13,2
50000.0,130.0,3,100,900.0,0.88,30.0,12.5,8.0,1.6,2.5,5,2500.0,2.5,0.5,0.5,0.98,7e-05,True,False,12320,0.189,2.7,00:00,08:00,0,14,2
50000.0,130.0,3,100,900.0,0.88,30.0,12.5,8.0,1.6,2.5,5,2500.0,2.5,0.5,0.5,0.98,7e-05,True,False,12320,0.189,2.7,00:00,08:00,1,14,2
50000.0,130.0,3,100,900.0,0.88,30.0,12.5,8.0,1.6,2.5,5,2500.0,2.5,0.5,0.5,0.98,7e-05,True,False,12320,0.189,2.7,00:00,08:00,0,15,2
50000.0,130.0,3,100,900.0,0.88,30.0,12.5,8.0,1.6,2.5,5,2500.0,2.5,0.5,0.5,0.98,7e-05,True,False,12320,0.189,2.7,00:00,08:00,1,15,2
50000.0,130.0,3,100,900.0,0.88,30.0,12.5,8.0,1.6,2.5,5,2500.0,2.5,0.5,0.5,0.98,7e-05,True,False,12320,0.189,2.7,00:00,08:00,0,0,3
50000.0,130.0,3,100,900.0,0.88,30.0,12.5,8.0,1.6,2.5,5,2500.0,2.5,0.5,0.5,0.98,7e-05,True,False,12320,0.189,2.7,00:00,08:00,1,0,3
50000.0,130.0,3,100,900.0,0.88,30.0,12.5,8.0,1.6,2.5,5,2500.0,2.5,0.5,0.5,0.98,7e-05,True,False,12320,0.189,2.7,00:00,08:00,0,1,3
50000.0,130.0,3,100,900.0,0.88,30.0,12.5,8.0,1.6,2.5,5,2500.0,2.5,0.5,0.5,0.98,7e-05,True,False,12320,0.189,2.7,00:00,08:00,1,1,3
50000.0,130.0,3,100,900.0,0.88,30.0,12.5,8.0,1.6,2.5,5,2500.0,2.5,0.5,0.5,0.98,7e-05,True,False,12320,0.189,2.7,00:00,08:00,0,2,3
50000.0,130.0,3,100,900.0,0.88,30.0,12.5,8.0,1.6,2.5,5,2500.0,2.5,0.5,0.5,0.98,7e-05,True,False,12320,0.189,2.7,00:00,08:00,1,2,3
50000.0,130.0,3,100,900.0,0.88,30.0,12.5,8.0,1.6,2.5,5,2500.0,2.5,0.5,0.5,0.98,7e-05,True,False,12320,0.189,2.7,00:00,08:00,0,3,3
50000.0,130.0,3,100,900.0,0.88,30.0,12.5,8.0,1.6,2.5,5,2500.0,2.5,0.5,0.5,0.98,7e-05,True,False,12320,0.189,2.7,00:00,08:00,1,3,3
50000.0,130.0,3,100,900.0,0.88,30.0,12.5,8.0,1.6,2.5,5,2500.0,2.5,0.5,0.5,0.98,7e-05,True,False,12320,0.189,2.7,00:00,08:00,0,4,3
50000.0,130.0,3,100,900.0,0.88,30.0,12.5,8.0,1.6,2.5,5,2500.0,2.5,0.5,0.5,0.98,7e-05,True,False,12320,0.189,2.7,00:00,08:00,1,4,3
50000.0,130.0,3,100,900.0,0.88,30.0,12.5,8.0,1.6,2.5,5,2500.0,2.5,0.5,0.5,0.98,7e-05,True,False,12320,0.189,2.7,00:00,08:00,0,5,3
50000.0,130.0,3,100,900.0,0.88,30.0,12.5,8.0,1.6,2.5,5,2500.0,2.5,0.5,0.5,0.98,7e-05,True,False,12320,0.189,2.7,00:00,08:00,1,5,3
50000.0,130.0,3,100,900.0,0.88,30.0,12.5,8.0,1.6,2.5,5,2500.0,2.5,0.5,0.5,0.98,7e-05,True,False,12320,0.189,2.7,00:00,08:00,0,6,3
50000.0,130.0,3,100,900.0,0.88,30.0,12.5,8.0,1.6,2.5,5,2500.0,2.5,0.5,0.5,0.98,7e-05,True,False,12320,0.189,2.7,00:00,08:00,1,6,3
50000.0,130.0,3,100,900.0,0.88,30.0,12.5,8.0,1.6,2.5,5,2500.0,2.5,0.5,0.5,0.98,7e-05,True,False,12320,0.189,2.7,00:00,08:00,0,7,3
50000.0,130.0,3,100,900.0,0.88,30.0,12.5,8.0,1.6,2.5,5,2500.0,2.5,0.5,0.5,0.98,7e-05,True,False,12320,0.189,2.7,00:00,08:00,1,7,3
50000.0,130.0,3,100,900.0,0.88,30.0,12.5,8.0,1.6,2.5,5,2500.0,2.5,0.5,0.5,0.98,7e-05,True,False,12320,0.189,2.7,00:00,08:00,0,8,3
50000.0,130.0,3,100,900.0,0.88,30.0,12.5,8.0,1.6,2.5,5,2500.0,2.5,0.5,0.5,0.98,7e-05,True,False,12320,0.189,2.7,00:00,08:00,1,8,3
50000.0,130.0,3,100,900.0,0.88,30.0,12.5,8.0,1.6,2.5,5,2500.0,2.5,0.5,0.5,0.98,7e-05,True,False,12320,0.189,2.7,00:00,08:00,0,9,3
50000.0,130.0,3,100,900.0,0.88,30.0,12.5,8.0,1.6,2.5,5,2500.0,2.5,0.5,0.5,0.98,7e-05,True,False,12320,0.189,2.7,00:00,08:00,1,9,3
50000.0,130.0,3,100,900.0,0.88,30.0,12.5,8.0,1.6,2.5,5,2500.0,2.5,0.5,0.5,0.98,7e-05,True,False,12320,0.189,2.7,00:00,08:00,0,10,3
50000.0,130.0,3,100,900.0,0.88,30.0,12.5,8.0,1.6,2.5,5,2500.0,2.5,0.5,0.5,0.98,7e-05,True,False,12320,0.189,2.7,00:00,08:00,1,10,3
50000.0,130.0,3,100,900.0,0.88,30.0,12.5,8.0,1.6,2.5,5,2500.0,2.5,0.5,0.5,0.98,7e-05,True,False,12320,0.189,2.7,00:00,08:00,0,11,3
50000.0,130.0,3,100,900.0,0.88,30.0,12.5,8.0,1.6,2.5,5,2500.0,2.5,0.5,0.5,0.98,7e-05,True,False,12320,0.189,2.7,00:00,08:00,1,11,3
50000.0,130.0,3,100,900.0,0.88,30.0,12.5,8.0,1.6,2.5,5,2500.0,2.5,0.5,0.5,0.98,7e-05,True,False,12320,0.189,2.7,00:00,08:00,0,12,3
50000.0,130.0,3,100,900.0,0.88,30.0,12.5,8.0,1.6,2.5,5,2500.0,2.5,0.5,0.5,0.98,7e-05,True,False,12320,0.189,2.7,00:00,08:00,1,12,3
50000.0,130.0,3,100,900.0,0.88,30.0,12.5,8.0,1.6,2.5,5,2500.0,2.5,0.5,0.5,0.98,7e-05,True,False,12320,0.189,2.7,00:00,08:00,0,13,3
50000.0,130.0,3,100,900.0,0.88,30.0,12.5,8.0,1.6,2.5,5,2500.0,2.5,0.5,0.5,0.98,7e-05,True,False,12320,0.189,2.7,00:00,08:00,1,13,3
50000.0,130.0,3,100,900.0,0.88,30.0,12.5,8.0,1.6,2.5,5,2500.0,2.5,0.5,0.5,0.98,7e-05,True,False,12320,0.189,2.7,00:00,08:00,0,14,3
50000.0,130.0,3,100,900.0,0.88,30.0,12.5,8.0,1.6,2.5,5,2500.0,2.5,0.5,0.5,0.98,7e-05,True,False,12320,0.189,2.7,00:00,08:00,1,14,3
50000.0,130.0,3,100,900.0,0.88,30.0,12.5,8.0,1.6,2.5,5,2500.0,2.5,0.5,0.5,0.98,7e-05,True,False,12320,0.189,2.7,00:00,08:00,0,15,3
50000.0,130.0,3,100,900.0,0.88,30.0,12.5,8.0,1.6,2.5,5,2500.0,2.5,0.5,0.5,0.98,7e-05,True,False,12320,0.189,2.7,00:00,08:00,1,15,3
50000.0,130.0,3,100,900.0,0.88,30.0,12.5,8.0,1.6,2.5,5,2500.0,2.5,0.5,0.5,0.98,7e-05,True,False,12320,0.189,2.7,00:00,08:00,0,0,4
50000.0,130.0,3,100,900.0,0.88,30.0,12.5,8.0,1.6,2.5,5,2500.0,2.5,0.5,0.5,0.98,7e-05,True,False,12320,0.189,2.7,00:00,08:00,1,0,4
50000.0,130.0,3,100,900.0,0.88,30.0,12.5,8.0,1.6,2.5,5,2500.0,2.5,0.5,0.5,0.98,7e-05,True,False,12320,0.189,2.7,00:00,08:00,0,1,4
50000.0,130.0,3,100,900.0,0.88,30.0,12.5,8.0,1.6,2.5,5,2500.0,2.5,0.5,0.5,0.98,7e-05,True,False,12320,0.189,2.7,00:00,08:00,1,1,4
50000.0,130.0,3,100,900.0,0.88,30.0,12.5,8.0,1.6,2.5,5,2500.0,2.5,0.5,0.5,0.98,7e-05,True,False,12320,0.189,2.7,00:00,08:00,0,2,4
50000.0,130.0,3,100,900.0,0.88,30.0,12.5,8.0,1.6,2.5,5,2500.0,2.5,0.5,0.5,0.98,7e-05,True,False,12320,0.189,2.7,00:00,08:00,1,2,4
50000.0,130.0,3,100,900.0,0.88,30.0,12.5,8.0,1.6,2.5,5,2500.0,2.5,0.5,0.5,0.98,7e-05,True,False,12320,0.189,2.7,00:00,08:00,0,3,4
50000.0,130.0,3,100,900.0,0.88,30.0,12.5,8.0,1.6,2.5,5,2500.0,2.5,0.5,0.5,0.98,7e-05,True,False,12320,0.189,2.7,00:00,08:00,1,3,4
50000.0,130.0,3,100,900.0,0.88,30.0,12.5,8.0,1.6,2.5,5,2500.0,2.5,0.5,0.5,0.98,7e-05,True,False,12320,0.189,2.7,00:00,08:00,0,4,4
50000.0,130.0,3,100,900.0,0.88,30.0,12.5,8.0,1.6,2.5,5,2500.0,2.5,0.5,0.5,0.98,7e-05,True,False,12320,0.189,2.7,00:00,08:00,1,4,4
50000.0,130.0,3,100,900.0,0.88,30.0,12.5,8.0,1.6,2.5,5,2500.0,2.5,0.5,0.5,0.98,7e-05,True,False,12320,0.189,2.7,00:00,08:00,0,5,4
50000.0,130.0,3,100,900.0,0.88,30.0,12.5,8.0,1.6,2.5,5,2500.0,2.5,0.5,0.5,0.98,7e-05,True,False,12320,0.189,2.7,00:00,08:00,1,5,4
50000.0,130.0,3,100,900.0,0.88,30.0,12.5,8.0,1.6,2.5,5,2500.0,2.5,0.5,0.5,0.98,7e-05,True,False,12320,0.189,2.7,00:00,08:00,0,6,4
50000.0,130.0,3,100,900.0,0.88,30.0,12.5,8.0,1.6,2.5,5,2500.0,2.5,0.5,0.5,0.98,7e-05,True,False,12320,0.189,2.7,00:00,08:00,1,6,4
50000.0,130.0,3,100,900.0,0.88,30.0,12.5,8.0,1.6,2.5,5,2500.0,2.5,0.5,0.5,0.98,7e-05,True,False,12320,0.189,2.7,00:00,08:00,0,7,4
50000.0,130.0,3,100,900.0,0.88,30.0,12.5,8.0,1.6,2.5,5,2500.0,2.5,0.5,0.5,0.98,7e-05,True,False,12320,0.189,2.7,00:00,08:00,1,7,4
50000.0,130.0,3,100,900.0,0.88,30.0,12.5,8.0,1.6,2.5,5,2500.0,2.5,0.5,0.5,0.98,7e-05,True,False,12320,0.189,2.7,00:00,08:00,0,8,4
50000.0,130.0,3,100,900.0,0.88,30.0,12.5,8.0,1.6,2.5,5,2500.0,2.5,0.5,0.5,0.98,7e-05,True,False,12320,0.189,2.7,00:00,08:00,1,8,4
50000.0,130.0,3,100,900.0,0.88,30.0,12.5,8.0,1.6,2.5,5,2500.0,2.5,0.5,0.5,0.98,7e-05,True,False,12320,0.189,2.7,00:00,08:00,0,9,4
50000.0,130.0,3,100,900.0,0.88,30.0,12.5,8.0,1.6,2.5,5,2500.0,2.5,0.5,0.5,0.98,7e-05,True,False,12320,0.189,2.7,00:00,08:00,1,9,4
50000.0,130.0,3,100,900.0,0.88,30.0,12.5,8.0,1.6,2.5,5,2500.0,2.5,0.5,0.5,0.98,7e-05,True,False,12320,0.189,2.7,00:00,08:00,0,10,4
50000.0,130.0,3,100,900.0,0.88,30.0,12.5,8.0,1.6,2.5,5,2500.0,2.5,0.5,0.5,0.98,7e-05,True,False,12320,0.189,2.7,00:00,08:00,1,10,4
50000.0,130.0,3,100,900.0,0.88,30.0,12.5,8.0,1.6,2.5,5,2500.0,2.5,0.5,0.5,0.98,7e-05,True,False,12320,0.189,2.7,00:00,08:00,0,11,4
50000.0,130.0,3,100,900.0,0.88,30.0,12.5,8.0,1.6,2.5,5,2500.0,2.5,0.5,0.5,0.98,7e-05,True,False,12320,0.189,2.7,00:00,08:00,1,11,4
50000.0,130.0,3,100,900.0,0.88,30.0,12.5,8.0,1.6,2.5,5,2500.0,2.5,0.5,0.5,0.98,7e-05,True,False,12320,0.189,2.7,00:00,08:00,0,12,4
50000.0,130.0,3,100,900.0,0.88,30.0,12.5,8.0,1.6,2.5,5,2500.0,2.5,0.5,0.5,0.98,7e-05,True,False,12320,0.189,2.7,00:00,08:00,1,12,4
50000.0,130.0,3,100,900.0,0.88,30.0,12.5,8.0,1.6,2.5,5,2500.0,2.5,0.5,0.5,0.98,7e-05,True,False,12320,0.189,2.7,00:00,08:00,0,13,4
50000.0,130.0,3,100,900.0,0.88,30.0,12.5,8.0,1.6,2.5,5,2500.0,2.5,0.5,0.5,0.98,7e-05,True,False,12320,0.189,2.7,00:00,08:00,1,13,4
50000.0,130.0,3,100,900.0,0.88,30.0,12.5,8.0,1.6,2.5,5,2500.0,2.5,0.5,0.5,0.98,7e-05,True,False,12320,0.189,2.7,00:00,08:00,0,14,4
50000.0,130.0,3,100,900.0,0.88,30.0,12.5,8.0,1.6,2.5,5,2500.0,2.5,0.5,0.5,0.98,7e-05,True,False,12320,0.189,2.7,00:00,08:00,1,14,4
50000.0,130.0,3,100,900.0,0.88,30.0,12.5,8.0,1.6,2.5,5,2500.0,2.5,0.5,0.5,0.98,7e-05,True,False,12320,0.189,2.7,00:00,08:00,0,15,4
50000.0,130.0,3,100,900.0,0.88,30.0,12.5,8.0,1.6,2.5,5,2500.0,2.5,0.5,0.5,0.98,7e-05,True,False,12320,0.189,2.7,00:00,08:00,1,15,4
50000.0,130.0,3,100,900.0,0.88,30.0,12.5,8.0,1.6,2.5,5,2500.0,2.5,0.5,0.5,0.98,7e-05,True,False,12320,0.189,2.7,00:00,08:00,0,0,5
50000.0,130.0,3,100,900.0,0.88,30.0,12.5,8.0,1.6,2.5,5,2500.0,2.5,0.5,0.5,0.98,7e-05,True,False,12320,0.189,2.7,00:00,08:00,1,0,5
50000.0,130.0,3,100,900.0,0.88,30.0,12.5,8.0,1.6,2.5,5,2500.0,2.5,0.5,0.5,0.98,7e-05,True,False,12320,0.189,2.7,00:00,08:00,0,1,5
50000.0,130.0,3,100,900.0,0.88,30.0,12.5,8.0,1.6,2.5,5,2500.0,2.5,0.5,0.5,0.98,7e-05,True,False,12320,0.189,2.7,00:00,08:00,1,1,5
50000.0,130.0,3,100,900.0,0.88,30.0,12.5,8.0,1.6,2.5,5,2500.0,2.5,0.5,0.5,0.98,7e-05,True,False,12320,0.189,2.7,00:00,08:00,0,2,5
50000.0,130.0,3,100,900.0,0.88,30.0,12.5,8.0,1.6,2.5,5,2500.0,2.5,0.5,0.5,0.98,7e-05,True,False,12320,0.189,2.7,00:00,08:00,1,2,5
50000.0,130.0,3,100,900.0,0.88,30.0,12.5,8.0,1.6,2.5,5,2500.0,2.5,0.5,0.5,0.98,7e-05,True,False,12320,0.189,2.7,00:00,08:00,0,3,5
50000.0,130.0,3,100,900.0,0.88,30.0,12.5,8.0,1.6,2.5,5,2500.0,2.5,0.5,0.5,0.98,7e-05,True,False,12320,0.189,2.7,00:00,08:00,1,3,5
50000.0,130.0,3,100,900.0,0.88,30.0,12.5,8.0,1.6,2.5,5,2500.0,2.5,0.5,0.5,0.98,7e-05,True,False,12320,0.189,2.7,00:00,08:00,0,4,5
50000.0,130.0,3,100,900.0,0.88,30.0,12.5,8.0,1.6,2.5,5,2500.0,2.5,0.5,0.5,0.98,7e-05,True,False,12320,0.189,2.7,00:00,08:00,1,4,5
50000.0,130.0,3,100,900.0,0.88,30.0,12.5,8.0,1.6,2.5,5,2500.0,2.5,0.5,0.5,0.98,7e-05,True,False,12320,0.189,2.7,00:00,08:00,0,5,5
50000.0,130.0,3,100,900.0,0.88,30.0,12.5,8.0,1.6,2.5,5,2500.0,2.5,0.5,0.5,0.98,7e-05,True,False,12320,0.189,2.7,00:00,08:00,1,5,5
50000.0,130.0,3,100,900.0,0.88,30.0,12.5,8.0,1.6,2.5,5,2500.0,2.5,0.5,0.5,0.98,7e-05,True,False,12320,0.189,2.7,00:00,08:00,0,6,5
50000.0,130.0,3,100,900.0,0.88,30.0,12.5,8.0,1.6,2.5,5,2500.0,2.5,0.5,0.5,0.98,7e-05,True,False,12320,0.189,2.7,00:00,08:00,1,6,5
50000.0,130.0,3,100,900.0,0.88,30.0,12.5,8.0,1.6,2.5,5,2500.0,2.5,0.5,0.5,0.98,7e-05,True,False,12320,0.189,2.7,00:00,08:00,0,7,5
50000.0,130.0,3,100,900.0,0.88,30.0,12.5,8.0,1.6,2.5,5,2500.0,2.5,0.5,0.5,0.98,7e-05,True,False,12320,0.189,2.7,00:00,08:00,1,7,5
50000.0,130.0,3,100,900.0,0.88,30.0,12.5,8.0,1.6,2.5,5,2500.0,2.5,0.5,0.5,0.98,7e-05,True,False,12320,0.189,2.7,00:00,08:00,0,8,5
50000.0,130.0,3,100,900.0,0.88,30.0,12.5,8.0,1.6,2.5,5,2500.0,2.5,0.5,0.5,0.98,7e-05,True,False,12320,0.189,2.7,00:00,08:00,1,8,5
50000.0,130.0,3,100,900.0,0.88,30.0,12.5,8.0,1.6,2.5,5,2500.0,2.5,0.5,0.5,0.98,7e-05,True,False,12320,0.189,2.7,00:00,08:00,0,9,5
50000.0,130.0,3,100,900.0,0.88,30.0,12.5,8.0,1.6,2.5,5,2500.0,2.5,0.5,0.5,0.98,7e-05,True,False,12320,0.189,2.7,00:00,08:00,1,9,5
50000.0,130.0,3,100,900.0,0.88,30.0,12.5,8.0,1.6,2.5,5,2500.0,2.5,0.5,0.5,0.98,7e-05,True,False,12320,0.189,2.7,00:00,08:00,0,10,5
50000.0,130.0,3,100,900.0,0.88,30.0,12.5,8.0,1.6,2.5,5,2500.0,2.5,0.5,0.5,0.98,7e-05,True,False,12320,0.189,2.7,00:00,08:00,1,10,5
50000.0,130.0,3,100,900.0,0.88,30.0,12.5,8.0,1.6,2.5,5,2500.0,2.5,0.5,0.5,0.98,7e-05,True,False,12320,0.189,2.7,00:00,08:00,0,11,5
50000.0,130.0,3,100,900.0,0.88,30.0,12.5,8.0,1.6,2.5,5,2500.0,2.5,0.5,0.5,0.98,7e-05,True,False,12320,0.189,2.7,00:00,08:00,1,11,5
50000.0,130.0,3,100,900.0,0.88,30.0,12.5,8.0,1.6,2.5,5,2500.0,2.5,0.5,0.5,0.98,7e-05,True,False,12320,0.189,2.7,00:00,08:00,0,12,5
50000.0,130.0,3,100,900.0,0.88,30.0,12.5,8.0,1.6,2.5,5,2500.0,2.5,0.5,0.5,0.98,7e-05,True,False,12320,0.189,2.7,00:00,08:00,1,12,5
50000.0,130.0,3,100,900.0,0.88,30.0,12.5,8.0,1.6,2.5,5,2500.0,2.5,0.5,0.5,0.98,7e-05,True,False,12320,0.189,2.7,00:00,08:00,0,13,5
50000.0,130.0,3,100,900.0,0.88,30.0,12.5,8.0,1.6,2.5,5,2500.0,2.5,0.5,0.5,0.98,7e-05,True,False,12320,0.189,2.7,00:00,08:00,1,13,5
50000.0,130.0,3,100,900.0,0.88,30.0,12.5,8.0,1.6,2.5,5,2500.0,2.5,0.5,0.5,0.98,7e-05,True,False,12320,0.189,2.7,00:00,08:00,0,14,5
50000.0,130.0,3,100,900.0,0.88,30.0,12.5,8.0,1.6,2.5,5,2500.0,2.5,0.5,0.5,0.98,7e-05,True,False,12320,0.189,2.7,00:00,08:00,1,14,5
50000.0,130.0,3,100,900.0,0.88,30.0,12.5,8.0,1.6,2.5,5,2500.0,2.5,0.5,0.5,0.98,7e-05,True,True,12320,0.189,2.7,00:00,08:00,0,15,5
50000.0,130.0,3,100,900.0,0.88,30.0,12.5,8.0,1.6,2.5,5,2500.0,2.5,0.5,0.5,0.98,7e-05,True,False,12320,0.189,2.7,00:00,08:00,1,15,5
