Index;year1;year2;year3;year4;year5;year6;year7;year8
94.0;857.8766279035034;1846.0326853278539;3074.5897559722707;4092.16950306148;4930.116573026517;6901.6894145015385;11683.105924880794;13487.772378738786
96.0;1.4471470421995036e-07;3.2044817999121733e-07;9.236009645974264e-08;1.4744728105142713e-08;-4.0921077015809715e-07;-2.0724291971419007e-07;4.313511453801766e-06;-4.455225280253217e-06
98.0;57.31124429642159;123.29062600408906;205.25601071513938;273.0553226324946;328.7806957538096;460.3763239430991;777.6202025860075;897.3964337902289
100.0;114.56478192775648;246.44196491189223;410.2823308398147;545.7713561289684;657.1930163822044;920.2631526678888;1554.2271912728156;1793.8578065757793
92.0;800.5787253209087;1722.8455730036223;2869.3592052631548;3819.102037571593;4601.381532612058;6441.837394452444;10907.12004333511;12592.914537277044
104.0;230.59455584720854;495.3665271112841;824.3036142487467;1098.8770057428683;1325.1517738308376;1856.8398909568914;3168.224441797842;3665.4339088654706
102.0;172.24182013968152;370.4425110978714;616.3956368697045;820.4059444555796;988.1170096348087;1384.4003717400847;2348.943493680632;2713.31848584388
108.0;344.0964805037073;741.0142335676337;1235.0935488799373;1646.9787171575827;1988.1981016222862;2788.368604111818;4761.2560169868575;5516.525826478215
106.0;287.7433962751941;618.8710150673828;1030.5771463918713;1374.5895612142276;1658.8173330611571;2325.451913718978;3975.052502962242;4603.407243950287
110.0;400.7058834478976;863.074116465167;1438.9595775434718;1917.87791938186;2315.7705449262185;3249.2382447853024;5539.39649951211;6416.213348235195
101.0;182.6223861838116;395.8540921824024;641.8750797630255;848.6564589198451;1030.465175002454;1461.3278448912388;2477.6447353716576;2893.1671357105915
112.0;457.7407183566896;985.8048003801607;1643.3152621241911;2189.2653839691357;2643.5318321762716;3708.749535010512;6316.762900991194;7312.868124306884
99.0;125.31065461121852;272.5605483189447;436.6131856297352;575.5942903376572;701.6727810614184;1000.9358048383856;1699.9980312040461;1995.7435789323717
97.0;67.99919306282573;149.27084928936347;231.35717481027677;302.53791732777336;372.88389603025735;540.54322219192;922.3267418687701;1098.281126742957
114.0;514.9788080838418;1108.877777593292;1848.007760086808;2461.23379042175;2971.164154374369;4166.09699493241;7091.417034847667;8206.062921695515
116.0;572.0559667944756;1231.7920314378612;2052.42937336656;2732.9423318231266;3298.1267283876005;4622.652105447553;7862.1973099490715;9094.793067912135
103.0;239.93350008474215;519.1453441502572;847.1286795695846;1121.7022125490375;1359.2328168782014;1921.6803486210647;3255.2146432547706;3790.5022655964895
105.0;297.24486025807494;642.435389261429;1052.3836627653113;1394.757415001276;1688.0083001628254;2382.050557640003;4032.8200120407546;4687.880820248916
118.0;629.2394908943065;1354.7406820394508;2257.054983319987;3004.8612642539983;3625.3610161210936;5079.928069313126;8632.583631588688;9982.635932942518
120.0;686.4769186019744;1477.8115727473646;2461.9263769928966;3277.075138020353;3952.7898697869496;5537.93471308514;9404.088130175387;10872.204811925789
107.0;354.5559544526857;765.724334462634;1257.6402148400825;1667.818021615668;2016.7979657176948;2842.4371090359764;4810.45055266167;5585.286856931176
122.0;743.5156051989917;1600.6406764014991;2666.6302724038856;3549.245724625163;4280.155830077971;5996.4332342130265;10177.392868681913;11764.223299004709
109.0;411.8671779078362;889.0176047128514;1462.8984501270797;1940.8756101222243;2345.5826203083834;3302.8167080437943;5588.080622093952;6482.690165466822
111.0;469.1781280988064;1012.307863940559;1668.1561923903128;2213.9327070708305;2674.3658887076035;3763.1968597387995;6365.695894443286;7380.08303676063
124.0;800.6105079770844;1723.5871175560906;2871.5661281115;3821.734911202659;4607.980118322979;6455.344403305611;10950.64067552847;12655.640589984225
95.0;910.2527110987307;1959.0216070677757;3247.1372443602136;4314.444890778165;5199.636520146478;7288.396061647064;12304.655751743529;14219.14487298265
93.0;852.9428538704881;1835.7332063998733;3041.8827632360553;4041.393811168335;4870.858765768147;6828.029031118216;11527.055713434907;13321.774094363514
113.0;526.48948233821;1135.5997449816837;1873.4103896703737;2486.9868206228352;3003.1467371130375;4223.57650144697;7143.320034035081;8277.485477110422
115.0;583.8008755944113;1258.887785147897;2078.6663206455573;2760.0432027082225;3331.926678369019;4683.946725267125;7920.932105973761;9174.870279750963
117.0;641.1112070660473;1382.1784553935029;2283.9204543221704;3033.0957624342154;3660.7051585824;5144.323561043089;8698.554488805077;10072.264606559937
119.0;698.4228657695503;1505.4693066494929;2489.1807964307413;3306.157342437089;3989.4963020739524;5604.716970192113;9476.189789343858;10969.682589183534
121.0;755.7337964694871;1628.7595607766089;2694.436513068907;3579.215026825329;4318.276217248891;6065.092070909347;10253.815764703222;11867.08065895594
123.0;813.0442443265777;1752.05044066147;2899.6951291251976;3852.2730469672674;4647.062447165185;6525.470901497506;11031.418981048242;12764.45812724746
125.0;870.3560357247964;1875.3420710040896;3104.9514740855193;4125.32953578157;4975.847490404844;6985.859797853792;11809.081001447037;13661.903689560491
2.0;57.31124399999999;123.29062099999965;205.2560050000002;273.0554780000002;328.7811750000001;460.37741000000096;777.6215500000017;897.3978199999983
4.0;114.6224880000002;246.58124099999986;410.5120109999998;546.1109559999995;657.5623500000002;920.7548300000017;1555.2430900000018;1794.79565
6.0;171.93373300000007;369.87186199999996;615.768016;819.1664339999998;986.3435260000006;1381.132243;2332.864630000002;2692.1934699999983
8.0;229.24497700000006;493.1624819999997;821.0240220000001;1092.221912;1315.1247010000006;1841.5096570000005;3110.486170000002;3589.5912899999967
0.0;0.0;0.0;0.0;0.0;0.0;0.0;0.0;0.0
3.0;57.31124399999999;123.29062099999965;205.25600599999962;273.0554780000002;328.7811750000001;460.37741000000096;777.6215500000017;897.3978199999983
9.0;229.24497700000006;493.1624819999997;821.0240220000001;1092.221912;1315.1247010000006;1841.5096570000005;3110.486170000002;3589.5913
7.0;171.93373300000007;369.87186199999996;615.768016;819.1664339999998;986.3435260000006;1381.132243;2332.864630000002;2692.1934699999983
5.0;114.6224880000002;246.58124099999986;410.5120109999998;546.1109559999995;657.5623500000002;920.7548300000017;1555.2430900000018;1794.79565
1.0;0.0;0.0;0.0;0.0;0.0;0.0;0.0;0.0
12.0;343.8674651000001;739.743723;1231.536032;1638.3328679999995;1972.6870520000002;2762.264486;4665.729250000002;5384.3869399999985
14.0;401.17870920000007;863.0343429999998;1436.792038;1911.3883459999997;2301.4682270000003;3222.6419000000005;5443.350790000002;6281.784769999998
16.0;458.4899534000001;986.3249639999999;1642.0480429999998;2184.443824;2630.2494030000007;3683.019314000001;6220.972330000002;7179.1825899999985
18.0;515.8011975000001;1109.615584;1847.304048;2457.499302;2959.030578000001;4143.396729000001;6998.593873000002;8076.580419999998
10.0;286.5562209000001;616.453102;1026.2800269999998;1365.2773900000002;1643.9058770000001;2301.887071000001;3888.107710000002;4486.989119999998
17.0;458.4899534000001;986.3249639999999;1642.0480429999998;2184.443824;2630.2494030000007;3683.019314000001;6220.972330000002;7179.1825899999985
19.0;515.8011975000001;1109.615584;1847.304048;2457.499302;2959.030578000001;4143.396729000001;6998.593873000002;8076.580419999998
15.0;401.17870920000007;863.0343429999998;1436.792038;1911.3883459999997;2301.4682270000003;3222.6419000000005;5443.350790000002;6281.784769999998
11.0;286.5562209000001;616.453102;1026.2800269999998;1365.2773900000002;1643.9058770000001;2301.887071000001;3888.107710000002;4486.989119999998
13.0;343.8674651000001;739.743723;1231.536032;1638.3328679999995;1972.6870520000002;2762.264486;4665.729250000002;5384.3869399999985
22.0;630.4236858;1356.1968249999998;2257.8160589999998;3003.610258;3616.5929290000004;5064.151557000001;8553.836955000002;9871.376069999998
24.0;687.7349300000001;1479.487445;2463.072064;3276.665736;3945.3741040000004;5524.528971000001;9331.458496000003;10768.773892999998
26.0;745.0461741000001;1602.7780659999999;2668.32807;3549.721214;4274.155280000001;5984.906386000001;10109.080037000002;11666.171717999998
28.0;802.3574183000001;1726.0686859999998;2873.5840749999998;3822.776692;4602.936455000001;6445.283800000001;10886.701578000002;12563.569542999998
30.0;859.6686624000001;1849.3593065999999;3078.84008;4095.83217;4931.717631;6905.661214000001;11664.323119;13460.967366999997
20.0;573.1124417000001;1232.906204;2052.560054;2730.55478;3287.8117540000003;4603.774143000001;7776.215414000002;8973.978239999999
31.0;859.6686624000001;1849.3593065999999;3078.840081;4095.832171;4931.717631;6905.661215000001;11664.323119;13460.967367999998
29.0;802.3574183000001;1726.0686859999998;2873.5840749999998;3822.776692;4602.936455000001;6445.283800000001;10886.701578000002;12563.569542999998
27.0;745.0461741000001;1602.7780659999999;2668.32807;3549.721214;4274.155280000001;5984.906386000001;10109.080037000002;11666.171717999998
21.0;573.1124417000001;1232.9062049999998;2052.560054;2730.55478;3287.8117540000003;4603.774143000001;7776.215414000002;8973.978239999999
25.0;687.7349300000001;1479.487445;2463.072064;3276.665736;3945.3741040000004;5524.528972000001;9331.458496000003;10768.773892999998
23.0;630.4236858;1356.1968249999998;2257.8160589999998;3003.610258;3616.5929290000004;5064.151557000001;8553.836955000002;9871.376069999998
42.0;285.97177176210846;615.0214572648579;1024.3530242785441;1363.4545618187012;1642.6863273161734;2300.1672651688386;3890.2461514592214;4492.430653992722
44.0;342.9256603152087;737.8428692800389;1228.5477291125135;1635.0404305458296;1969.8349214402624;2758.081551683128;4662.180214147489;5383.094569687821
40.0;229.0731916616478;492.47433181983297;820.1716510275801;1091.6589190485647;1315.3354916863282;1842.0301296300404;3118.6560665286506;3602.2850497667278
41.0;257.01013404711205;552.7464144086057;911.460492611367;1208.7416852938059;1457.0557925957255;2041.2297698770453;3437.9078086921054;3974.95661809987
45.0;371.632532252191;799.3241861680572;1321.9701946257178;1754.848954543928;2114.6165883155463;2961.9920345079136;4993.178526899283;5769.794524511928
43.0;314.32074149879713;676.0350892994711;1116.7164164933542;1481.7966345371815;1785.8366045970033;2501.608606085925;4215.53086954036;4872.363611101644
48.0;457.20445883093305;983.6940792281787;1637.4557402775208;2179.0814315673924;2624.5874080768845;3674.0072961450924;6211.318446279885;7168.5171656079365
50.0;514.3155983611498;1106.6308778457635;1842.0955955815825;2451.440644496234;2952.395540072689;4132.904414230881;6986.73921943461;8062.412202713822
52.0;571.4694252595168;1229.5972676294814;2046.9816571296265;2724.021740852894;3280.5310356229948;4592.144392731619;7762.047235387321;8956.625871884471
54.0;628.6860959815231;1352.584563658901;2251.9680730093824;2996.728014435621;3608.8357050200366;5051.519200845548;8537.796623559942;9851.58190845646
46.0;400.05752885741936;860.7624127875315;1432.9846069564705;1907.0107608427525;2297.178420622932;3215.8992672398117;5436.3399184715945;6275.517171686748
58.0;743.1862422287151;1598.7954087323099;2662.2599866942637;3542.7630262901707;4266.205281148594;5971.537699882953;10091.904555317633;11644.62939339647
56.0;685.9708726504648;1475.719711028521;2457.1179541049623;3269.73142226749;3937.4681474641243;5511.378323403426;9314.349005321175;10747.584355324143
60.0;800.4748126474396;1721.9637927177835;2867.5332053931243;3815.9351855039854;4595.140703242391;6431.886439041476;10869.870066356129;12541.99361738989
62.0;857.752406719097;1845.1909435051548;3072.844643542256;4089.121170751549;4924.130577376733;6892.417261175628;11648.12107665971;13439.879716190104
64.0;1.4471470421995036e-07;3.2044817999121733e-07;9.236009645974264e-08;1.4744728105142713e-08;-4.0921077015809715e-07;-2.0724291971419007e-07;4.313511453801766e-06;-4.455225280253217e-06
65.0;50.582777791536046;109.6601571088404;168.2962755536073;218.61521964950043;267.9295765754423;382.77546895072555;640.4304598158014;758.3150744409904
66.0;57.31124429642159;123.29062600408906;205.25601071513938;273.0553226324946;328.7806957538096;460.3763239430991;777.6202025860075;897.3964337902289
61.0;830.1225531263422;1785.6510816332247;2964.018072488989;3939.2938298572262;4744.861483144956;6644.991446390864;11214.090626134728;12948.898590357363
68.0;114.56478192775648;246.44196491189223;410.2823308398147;545.7713561289684;657.1930163822044;920.2631526678888;1554.2271912728156;1793.8578065757793
57.0;715.4999247838931;1539.069660452322;2553.5051538336033;3393.1799701438886;4087.297116929711;5724.237134924745;9658.845608346272;11154.106158637594
70.0;172.24182013968152;370.4425110978714;616.3956368697045;820.4060664858634;988.1312867766537;1384.407692659377;2348.8791187429997;2713.2541109062477
49.0;486.2548467738716;1045.9046316250174;1732.4796470139786;2300.958013967308;2772.172051583754;3882.7284833292524;6548.384559194594;7564.543035475826
72.0;230.37249281591812;494.9924532799182;823.975155962682;1098.1558418387685;1324.083915145894;1854.7402634073896;3157.0852671047505;3651.295864335065
53.0;600.8770390672706;1292.4855908535726;2142.991630259351;2847.0698514538894;3429.7375125448234;4803.488552164497;8103.63427029607;9359.339601066768
74.0;287.32806116483573;618.1059398303169;1029.6767157117697;1372.4060536704;1655.2829617060506;2319.289953938338;3948.17178826658;4567.862124412459
47.0;428.9435532140268;922.6164105201708;1527.2257056586764;2027.905483051184;2443.394563110176;3422.353739492587;5770.756884576353;6667.133506402684
76.0;344.0109287487803;740.4366242971555;1233.7144052248327;1643.8653779893566;1982.8344549749554;2778.89213625501;4722.341541255617;5462.4587625263375
63.0;887.434067481063;1908.9420437684958;3169.2740179654684;4212.349658258162;5073.645821541536;7105.373817024376;11991.709915683614;13846.30088936961
78.0;400.7802268673556;862.9773279066524;1437.6037162455596;1914.9149901080036;2309.7125132987994;3237.0476663549316;5495.22286194737;6354.242955066133
55.0;658.1896345690382;1415.781169840852;2348.252154777241;3120.1296201710784;3758.52300299643;5263.868483698116;8881.24862614391;10256.72423925586
80.0;457.94582265321094;985.7537864544495;1641.7431268441783;2186.279866036747;2636.674241428843;3693.9796230299316;6269.073818721896;7246.461202360679
59.0;772.8110547435069;1662.3626393519876;2758.763098996387;3666.239036810478;4416.081098897438;6184.6122566397635;10436.459477551;12051.488944473755
82.0;515.0112669581349;1108.5863781361318;1845.8668805383709;2457.8146994975455;2963.2210217436577;4150.488530425027;7041.101085031494;8135.672323605579
51.0;543.5666384172857;1169.1965764891906;1937.7365615543508;2574.015134447845;3100.95740406023;4343.108341077389;7325.995141201862;8461.922938414697
84.0;572.053039488522;1231.3781508993216;2050.197801090017;2729.527938376297;3290.154506145156;4607.822041946655;7812.8024316886385;9024.673894112197
67.0;107.894640091484;232.95008803294513;373.5509930371745;491.6689770346984;596.7070141899403;843.1480951160411;1418.0289626558533;1655.68005804504
69.0;165.20693037340243;356.2432141263953;578.8097612693018;764.7236103292671;925.48096648724;1303.5077699577087;2195.63554958812;2553.0570379894452
86.0;629.1831619513321;1354.1336111161802;2254.7489883798607;3001.5114612205953;3617.440810826174;5065.531661143388;8584.92138000495;9914.822966137424
88.0;686.3324099729259;1476.9798444004152;2459.52691727073;3273.8338889479683;3945.0673563197715;5523.731207878053;9357.790552465589;10806.28135630395
73.0;279.82870408550525;602.8262026726975;989.322512040992;1310.8389633628394;1583.0494405989912;2224.2696239868947;3750.8881786007933;4347.855552275601
90.0;743.4399794753374;1599.894974322629;2664.4173683481;3546.3649504095815;4273.071142139375;5982.546917248229;10131.871787532302;11698.921125317545
71.0;222.5148883232423;479.53158474953943;784.0591176899743;1037.774211379584;1254.2595514916775;1763.8811494426427;2973.2463827376814;3450.43447113852
75.0;337.1407212371041;726.1135964174391;1194.576951906758;1583.8927743621553;1911.8294705180606;2684.631370279898;4528.471181606137;5245.2040970185935
77.0;394.45291362017554;849.405654744744;1399.8314888873583;1856.9432027114663;2240.6026516203483;3145.0020090934986;5306.071622870199;6142.578855293139
79.0;451.763660697212;972.698789757656;1605.093003100037;2130.0059687743133;2569.391438279985;3605.3879203110155;6083.71700483438;7040.009124815919
81.0;509.07295714175257;1095.987795858179;1810.344839199196;2403.056193962124;2898.1688329044437;4065.7623788708106;6861.322944564781;7937.385319275854
83.0;566.3846919911505;1219.2764721800013;2015.602926301348;2676.115433019585;3226.9524763883574;4526.1423403486315;7638.9522023551235;8834.789309783382
85.0;623.6967615573643;1342.5664637911439;2220.8546932993418;2949.1679440315297;3555.7323392131757;4986.520158101335;8416.563096987527;9732.175565180421
87.0;681.0073614735925;1465.857664202064;2426.1112152044207;3222.221859438189;3884.511036806762;5446.897044943294;9194.193848700426;10629.585306746063
89.0;738.3174419798303;1589.1484841869212;2631.3695187243534;3495.28206344245;4213.297742458774;5907.276104721738;9971.814000304796;11526.984594257934
91.0;795.6297396774253;1712.4401583822867;2836.6250600749827;3768.334232417501;4542.072923057991;6367.645215922087;10749.418985784752;12424.357164505898
128.0;1.4471470421995036e-07;3.2044817999121733e-07;9.236009645974264e-08;1.4744728105142713e-08;-4.0921077015809715e-07;-2.0724291971419007e-07;4.313511453801766e-06;-4.455225280253217e-06
130.0;57.31124429642159;123.29062600408906;205.25601071513938;273.0553226324946;328.7806957538096;460.3763239430991;777.6202025860075;897.3964337902289
132.0;114.56478192775648;246.44196491189223;410.2823308398147;545.7713561289684;657.1930163822044;920.2631526678888;1554.2271912728156;1793.8578065757793
134.0;172.24182013968152;370.4425110978714;616.3956368697045;820.4059444555796;988.1170096348087;1384.4003717400847;2348.943493680632;2713.31848584388
126.0;857.7747420996569;1846.624542780136;3076.489927581888;4094.333497983876;4935.95463455075;6914.197788883274;11724.089127777426;13547.412324421704
138.0;287.8457132906857;618.8784981459594;1030.5752035412997;1374.7807142937118;1659.3497875338207;2326.5482683285445;3981.6689134812896;4613.593344962528
140.0;344.5404575722937;741.5890518980341;1235.5710103677393;1648.0221373401382;1990.239607239805;2792.2198842463295;4776.938395666526;5540.670794084146
136.0;230.63145722809418;495.3496902640327;824.2952196216552;1098.8227593576776;1325.065537745082;1856.9946446640006;3170.0108183364155;3667.365990680297
142.0;400.99871045405575;863.4691733621294;1439.6231625838368;1919.4604913576723;2318.6573971130692;3255.0855363290348;5562.938129622766;6450.967538164827
144.0;457.88167930664633;985.6569943696775;1643.8219075270567;2190.6370094894555;2647.3676638929646;3717.4740954323997;6345.712167859561;7354.815904764935
135.0;252.73110385973666;549.4900907832744;896.5574632392218;1188.5153115201101;1444.0613790273765;2054.191197597336;3503.545625679637;4093.347116867979
146.0;515.1131520130782;1108.5978075736114;1848.7643864729175;2462.598335899541;2975.730722071322;4177.301993671934;7125.187533957949;8254.15036921587
133.0;195.4195702916361;426.1995971550141;691.3032967142026;915.4659759182841;1115.2865701383107;1593.8255541664003;2725.9556203574703;3195.9922711881627
148.0;572.147201380636;1231.5891467022643;2053.7002445780204;2734.856405759266;3303.6593422500428;4634.781311585447;7899.505210907788;9147.411513081606
131.0;138.1079945952672;302.9088997909871;486.04635517446604;642.4097882330616;786.5093952755878;1133.455433599731;1948.351935480281;2298.620926260268
137.0;310.0417258965223;672.7813912087381;1101.814008360112;1461.5754576612344;1772.847855509076;2514.5746683951;4281.180354675269;4990.764346929391
129.0;80.79585804740441;179.61648029398748;280.78677675298786;369.35214543490565;457.72248025545196;673.074189756675;1170.720002201193;1401.209658317599
150.0;629.4150004796384;1354.8516604526824;2258.6790759410696;3006.958851084592;3631.0566692851307;5091.647576041875;8669.542201762924;10036.674754332838
152.0;686.766955785353;1478.195245780604;2463.772686582587;3279.2711620170867;3958.5289075364612;5549.321621923176;9439.229776391468;10925.39776043139
139.0;367.35361205205425;796.0732071340713;1307.0710959882604;1734.631577375233;2101.6283901472843;2974.9531146045956;5058.801275646816;5888.158603190603
141.0;424.6643596466504;919.3618595644223;1512.3253576288498;2007.6864499661551;2430.4110238989133;3435.331861297499;5836.420415381677;6785.553823055816
154.0;743.9191009075782;1601.3015714085498;2668.7152018559423;3551.5780032719586;4285.959354227241;6007.845856298521;10211.758053748057;11816.729980018037
127.0;927.6667819896597;1998.6308479303393;3310.203676535977;4398.381781343547;5304.625344814741;7446.229476899965;12586.687564265263;14559.278652779776
156.0;800.9410004314317;1724.1932879676888;2873.5839609033537;3823.919260269644;4613.539639824588;6466.971336832909;10985.216147529787;12709.325776845964
143.0;481.9758820173722;1042.653193532932;1717.5831383690474;2280.743724839533;2759.192352942213;3895.709714591978;6614.047691392161;7682.959635752479
158.0;857.9859451571335;1847.0354630394468;3078.3565187002405;4096.229633779831;4941.14982886699;6925.865796310768;11757.915960161388;13600.329678064383
160.0;1.4471470421995036e-07;3.2044817999121733e-07;9.236009645974264e-08;1.4744728105142713e-08;-4.0921077015809715e-07;-2.0724291971419007e-07;4.313511453801766e-06;-4.455225280253217e-06
145.0;539.286888438274;1165.946010437767;1922.8401924071577;2553.802771011711;3087.9787362131437;4356.093732210553;7391.673488639597;8580.36020866316
162.0;57.31124429642159;123.29062600408906;205.25601071513938;273.0553226324946;328.7806957538096;460.3763239430991;777.6202025860075;897.3964337902289
164.0;114.56478192775648;246.44196491189223;410.2823308398147;545.7713561289684;657.1930163822044;920.2631526678888;1554.2271912728156;1793.8578065757793
147.0;596.5986820059579;1289.2373035654562;2128.0962195717975;2826.8559517329436;3416.756464367175;4816.46651100527;8169.2811493783065;9477.742918682527
166.0;172.24182013968152;370.4425110978714;616.3956368697045;820.4059444555796;988.1170096348087;1384.4003717400847;2348.943493680632;2713.31848584388
149.0;653.9098274966692;1412.5256112354073;2333.351017340997;3099.912050010347;3745.5414060039298;5276.860163725116;8946.951484442012;10375.201907140172
168.0;230.63145722809418;495.35140908935864;824.3014139912962;1098.8616856390818;1325.0924883113075;1857.0192001691921;3170.3918096162724;3667.7839982889527
151.0;711.2204299662734;1535.8160994610728;2538.607213040065;3372.967630301628;4074.321290711021;5737.2288245840255;9724.541653203592;11272.562121857982
161.0;89.99833956115094;202.527516235446;318.66740264278087;421.20282758059875;524.5219212120155;781.4414513987467;1383.7755060888812;1663.9272474113022
153.0;768.5314905758212;1659.1060639151704;2743.861175039096;3646.023605867169;4403.102007946431;6197.599676528609;10502.146981510945;12169.932289942899
170.0;288.01627912081415;619.0118303509457;1030.692841999352;1375.0829524132996;1659.8019923269385;2327.507586433643;3985.200378391488;4618.992300629554
163.0;147.31018683029765;325.82055791710627;523.9245665035987;694.2611270971192;853.3043026154819;1241.8137873312335;2161.3814420294493;2561.307362881853
174.0;401.43385683841416;863.9375320039439;1440.3101714619556;1920.9972140525933;2320.9591759332434;3258.906723188059;5576.371997547378;6471.288378766576
155.0;825.8434162459578;1782.3996211270835;2949.1231715861522;3919.0856502480406;4731.89385798702;6657.999158181597;11279.814411790438;13067.390761360915
172.0;344.7746243417123;741.9315807307794;1235.9214182103838;1649.1425125057795;1991.8165315835704;2794.8350988033926;4784.295555807514;5552.3406697184855
157.0;883.1535900850422;1905.6873730247935;3154.373688760109;4192.13495078027;5060.663661794733;7118.354860720497;12057.389841834636;13964.731900218649
165.0;204.62187966196393;449.11110238293304;729.182672185847;967.3158796162534;1182.0844758654885;1702.1854031586918;2938.986585756733;3458.6822075652963
176.0;458.389516770225;986.1042995172218;1644.752099356538;2192.474107219781;2650.0515898421772;3722.5817863162256;6364.669781631226;7382.521038371035
180.0;572.6419315564983;1231.872499304902;2054.7666986094855;2736.564150985928;3307.488339945411;4643.411645413059;7926.774271608818;9185.71317578151
159.0;940.4654763822901;2028.978191428823;3359.630395938036;4465.188848524009;5389.443161692845;7578.7301175934135;12835.005850227648;14862.125833882601
178.0;515.5087443056136;1108.799644927959;1849.6093732034783;2464.308337857055;2979.0317947837493;4184.285931221511;7149.3259174483865;8287.939379188389
182.0;629.8404267141113;1354.9890399860124;2259.751665323746;3008.628331886836;3635.2705580508264;5100.822832238539;8699.695965268389;10078.327801814014
184.0;687.1407960771298;1478.2695129157435;2464.796180310233;3280.7995979854513;3962.8142098805993;5558.4131467840525;9469.950478002549;10968.93006903351
167.0;261.93155529763965;572.4010637189426;934.4353246646438;1240.368681718146;1510.863610036511;2162.5608030109524;3716.616014175237;4356.088010932101
186.0;744.2070170102619;1601.2651903353926;2669.481093413992;3552.705337519641;4289.826576339634;6016.270860323008;10240.818448775775;11859.382014542243
169.0;319.2427121870961;695.6902119753449;1139.6924791998472;1513.426116816143;1839.6474709074473;2622.943356546033;4494.239207813778;5253.484447935547
188.0;801.2004461476715;1724.1245923741358;2874.2137765394123;3824.7856499372447;4617.032503603949;6474.889686706513;11012.964737080085;12750.699478346465
171.0;376.5543936912844;818.9802705575514;1344.948819636229;1786.481493858957;2168.4248715573312;3083.3185993835414;5271.838453969396;6150.857732990049
190.0;858.173389653607;1846.8597047956364;3078.919720959533;4096.910099105884;4944.386140060846;6933.564444846744;11785.081008224137;13641.76413143287
173.0;433.8667199199441;942.2729558431474;1550.2075744186382;2059.53922943038;2497.210532934414;3543.697037500755;6049.475617920081;7048.271760688745
175.0;491.1767226594376;1065.5634499230562;1755.4651650946453;2332.595998429215;2825.994929975018;4004.085856348559;6827.116991648134;7945.688591900422
177.0;548.4875910007938;1188.8513885081625;1960.718068922437;2605.64933482438;3154.773414907695;4464.463540488156;7604.732217518629;8843.083966058502
179.0;605.7977890016278;1312.1424684273006;2165.971933041264;2878.7003954636502;3483.550650103505;4924.832320818206;8382.364255859324;9740.488927535032
181.0;663.1106918467897;1435.4358384862796;2371.2315634457022;3151.763163815639;3812.342330831298;5385.2191930568815;9159.996813818041;10637.90445351103
183.0;720.4217590941422;1558.724292875791;2576.4880693549553;3424.8171747022748;4141.119161239899;5845.593300743807;9937.603789390043;11535.280363285856
185.0;777.7338171340743;1682.0158431803643;2781.7445849690357;3697.87361281272;4469.900542401436;6305.9667280943295;10715.22319016525;12432.674298614582
187.0;835.0440468428865;1805.3072450405666;2987.002601567505;3970.9317751488616;4798.686200155367;6766.351015019447;11492.839345560962;13330.065080615826
189.0;892.3552564052318;1928.5962353641671;3192.2542093813536;4243.981715619533;5127.460331210763;7226.719212931972;12270.451700962232;14227.453506503236
191.0;949.6680456083615;2051.888864430817;3397.514656293727;4517.043742086308;5456.249455318795;7687.113278670328;13048.09929592071;15124.880621210024
34.0;57.31124429642159;123.29062600408906;205.25601071513938;273.0553226324946;328.7806957538096;460.3763239430991;777.6202025860075;897.3964337902289
36.0;114.56478192775648;246.44196491189223;410.2823308398147;545.7713561289684;657.1930163822044;920.2631526678888;1554.2271912728156;1793.8578065757793
38.0;171.98252851702705;369.78164857161846;615.5145130850433;819.1278626602725;986.521232398597;1381.8109504432687;2339.095280532865;2701.3968917888014
32.0;1.4471470421995036e-07;3.2044817999121733e-07;9.236009645974264e-08;1.4744728105142713e-08;-4.0921077015809715e-07;-2.0724291971419007e-07;4.313511453801766e-06;-4.455225280253217e-06
39.0;199.69852134537405;429.4534253559759;706.203404171104;935.6878257465823;1128.274155371746;1580.8602026699537;2660.318598502141;3077.6077025703235
33.0;27.764528221574437;59.579016169025635;90.43297719422208;116.517407154588;141.92823704881175;199.73128182831533;327.4434249255137;385.40244351369256
35.0;85.0761757599264;182.87123096167534;295.691526876999;389.574458039162;470.71202069142055;660.112092495383;1105.0916742834652;1282.821553353515
37.0;142.38754947745133;306.15851103211253;500.94198793992564;662.6239949929777;799.48418259961;1120.4719696566226;1882.659558524545;2180.1583393170004
